{
  "Bennett5": {
    "difficulty": "Higher",
    "observations_no": 154,
    "parameters_no": 3,
    "start_1": [
      -2000.0,
      50.0,
      0.8
    ],
    "start_2": [
      -1500.0,
      45.0,
      0.85
    ],
    "certified": [
      -2523.5058043,
      46.736564644,
      0.93218483193
    ],
    "residual_sum_squares": 0.00052404744073,
    "model_function": "lambda x, b1, b2, b3: b1 * (b2+x)**(-1/b3)"
  },
  "BoxBOD": {
    "difficulty": "Higher",
    "observations_no": 6,
    "parameters_no": 2,
    "start_1": [
      1.0,
      1.0
    ],
    "start_2": [
      100.0,
      0.75
    ],
    "certified": [
      213.80940889,
      0.54723748542
    ],
    "residual_sum_squares": 1168.0088766,
    "model_function": "lambda x, b1, b2: b1*(1-np.exp(-b2*x))"
  },
  "Chwirut1": {
    "difficulty": "Lower",
    "observations_no": 214,
    "parameters_no": 3,
    "start_1": [
      0.1,
      0.01,
      0.02
    ],
    "start_2": [
      0.15,
      0.008,
      0.01
    ],
    "certified": [
      0.1902781837,
      0.0061314004477,
      0.010530908399
    ],
    "residual_sum_squares": 2384.4771393,
    "model_function": "lambda x, b1, b2, b3: np.exp(-b1*x)/(b2+b3*x)"
  },
  "Chwirut2": {
    "difficulty": "Lower",
    "observations_no": 54,
    "parameters_no": 3,
    "start_1": [
      0.1,
      0.01,
      0.02
    ],
    "start_2": [
      0.15,
      0.008,
      0.01
    ],
    "certified": [
      0.16657666537,
      0.0051653291286,
      0.012150007096
    ],
    "residual_sum_squares": 513.04802941,
    "model_function": "lambda x, b1, b2, b3: np.exp(-b1*x)/(b2+b3*x)"
  },
  "DanWood": {
    "difficulty": "Lower",
    "observations_no": 6,
    "parameters_no": 2,
    "start_1": [
      1.0,
      5.0
    ],
    "start_2": [
      0.7,
      4.0
    ],
    "certified": [
      0.76886226176,
      3.8604055871
    ],
    "residual_sum_squares": 0.0043173084083,
    "model_function": "lambda x, b1, b2: b1*x**b2"
  },
  "Eckerle4": {
    "difficulty": "Higher",
    "observations_no": 35,
    "parameters_no": 3,
    "start_1": [
      1.0,
      10.0,
      500.0
    ],
    "start_2": [
      1.5,
      5.0,
      450.0
    ],
    "certified": [
      1.5543827178,
      4.0888321754,
      451.54121844
    ],
    "residual_sum_squares": 0.0014635887487,
    "model_function": "lambda x, b1, b2, b3: (b1/b2) * np.exp(-0.5*((x-b3)/b2)**2)"
  },
  "ENSO": {
    "difficulty": "Average",
    "observations_no": 168,
    "parameters_no": 9,
    "start_1": [
      11.0,
      3.0,
      0.5,
      40.0,
      -0.7,
      -1.3,
      25.0,
      -0.3,
      1.4
    ],
    "start_2": [
      10.0,
      3.0,
      0.5,
      44.0,
      -1.5,
      0.5,
      26.0,
      -0.1,
      1.5
    ],
    "certified": [
      10.510749193,
      3.0762128085,
      0.53280138227,
      44.3110887,
      -1.6231428586,
      0.52554493756,
      26.88761444,
      0.21232288488,
      1.4966870418
    ],
    "residual_sum_squares": 788.53978668,
    "model_function": "lambda x, b1, b2, b3, b4, b5, b6, b7, b8, b9: b1 + b2*np.cos( 2*np.pi*x/12 ) + b3*np.sin( 2*np.pi*x/12 ) + b5*np.cos( 2*np.pi*x/b4 ) + b6*np.sin( 2*np.pi*x/b4 ) + b8*np.cos( 2*np.pi*x/b7 ) + b9*np.sin( 2*np.pi*x/b7 )"
  },
  "Gauss1": {
    "difficulty": "Lower",
    "observations_no": 250,
    "parameters_no": 8,
    "start_1": [
      97.0,
      0.009,
      100.0,
      65.0,
      20.0,
      70.0,
      178.0,
      16.5
    ],
    "start_2": [
      94.0,
      0.0105,
      99.0,
      63.0,
      25.0,
      71.0,
      180.0,
      20.0
    ],
    "certified": [
      98.778210871,
      0.010497276517,
      100.48990633,
      67.481111276,
      23.12977336,
      71.994503004,
      178.99805021,
      18.389389025
    ],
    "residual_sum_squares": 1315.8222432,
    "model_function": "lambda x, b1, b2, b3, b4, b5, b6, b7, b8: b1*np.exp( -b2*x ) + b3*np.exp( -(x-b4)**2 / b5**2 ) + b6*np.exp( -(x-b7)**2 / b8**2 )"
  },
  "Gauss2": {
    "difficulty": "Lower",
    "observations_no": 250,
    "parameters_no": 8,
    "start_1": [
      96.0,
      0.009,
      103.0,
      106.0,
      18.0,
      72.0,
      151.0,
      18.0
    ],
    "start_2": [
      98.0,
      0.0105,
      103.0,
      105.0,
      20.0,
      73.0,
      150.0,
      20.0
    ],
    "certified": [
      99.018328406,
      0.010994945399,
      101.88022528,
      107.03095519,
      23.578584029,
      72.045589471,
      153.27010194,
      19.525972636
    ],
    "residual_sum_squares": 1247.5282092,
    "model_function": "lambda x, b1, b2, b3, b4, b5, b6, b7, b8: b1*np.exp( -b2*x ) + b3*np.exp( -(x-b4)**2 / b5**2 ) + b6*np.exp( -(x-b7)**2 / b8**2 )"
  },
  "Gauss3": {
    "difficulty": "Average",
    "observations_no": 250,
    "parameters_no": 8,
    "start_1": [
      94.9,
      0.009,
      90.1,
      113.0,
      20.0,
      73.8,
      140.0,
      20.0
    ],
    "start_2": [
      96.0,
      0.0096,
      80.0,
      110.0,
      25.0,
      74.0,
      139.0,
      25.0
    ],
    "certified": [
      98.94036897,
      0.010945879335,
      100.69553078,
      111.63619459,
      23.300500029,
      73.705031418,
      147.76164251,
      19.66822123
    ],
    "residual_sum_squares": 1244.484636,
    "model_function": "lambda x, b1, b2, b3, b4, b5, b6, b7, b8: b1*np.exp( -b2*x ) + b3*np.exp( -(x-b4)**2 / b5**2 ) + b6*np.exp( -(x-b7)**2 / b8**2 )"
  },
  "Hahn1": {
    "difficulty": "Average",
    "observations_no": 236,
    "parameters_no": 7,
    "start_1": [
      10.0,
      -1.0,
      0.05,
      -1e-05,
      -0.05,
      0.001,
      -1e-06
    ],
    "start_2": [
      1.0,
      -0.1,
      0.005,
      -1e-06,
      -0.005,
      0.0001,
      -1e-07
    ],
    "certified": [
      1.0776351733,
      -0.12269296921,
      0.004086375061,
      -1.4262662514e-06,
      -0.0057609940901,
      0.00024053735503,
      -1.2314450199e-07
    ],
    "residual_sum_squares": 1.5324382854,
    "model_function": "lambda x, b1, b2, b3, b4, b5, b6, b7: (b1+b2*x+b3*x**2+b4*x**3) / (1+b5*x+b6*x**2+b7*x**3)"
  },
  "Kirby2": {
    "difficulty": "Average",
    "observations_no": 151,
    "parameters_no": 5,
    "start_1": [
      2.0,
      -0.1,
      0.003,
      -0.001,
      1e-05
    ],
    "start_2": [
      1.5,
      -0.15,
      0.0025,
      -0.0015,
      2e-05
    ],
    "certified": [
      1.6745063063,
      -0.13927397867,
      0.0025961181191,
      -0.001724181187,
      2.1664802578e-05
    ],
    "residual_sum_squares": 3.9050739624,
    "model_function": "lambda x, b1, b2, b3, b4, b5: (b1 + b2*x + b3*x**2) / (1 + b4*x + b5*x**2)"
  },
  "Lanczos1": {
    "difficulty": "Average",
    "observations_no": 24,
    "parameters_no": 6,
    "start_1": [
      1.2,
      0.3,
      5.6,
      5.5,
      6.5,
      7.6
    ],
    "start_2": [
      0.5,
      0.7,
      3.6,
      4.2,
      4.0,
      6.3
    ],
    "certified": [
      0.095100000027,
      1.0000000001,
      0.86070000013,
      3.0000000002,
      1.5575999998,
      5.0000000001
    ],
    "residual_sum_squares": 1.4307867721e-25,
    "model_function": "lambda x, b1, b2, b3, b4, b5, b6: b1*np.exp(-b2*x) + b3*np.exp(-b4*x) + b5*np.exp(-b6*x)"
  },
  "Lanczos2": {
    "difficulty": "Average",
    "observations_no": 24,
    "parameters_no": 6,
    "start_1": [
      1.2,
      0.3,
      5.6,
      5.5,
      6.5,
      7.6
    ],
    "start_2": [
      0.5,
      0.7,
      3.6,
      4.2,
      4.0,
      6.3
    ],
    "certified": [
      0.096251029939,
      1.0057332849,
      0.86424689056,
      3.0078283915,
      1.5529016879,
      5.00287981
    ],
    "residual_sum_squares": 2.2299428125e-11,
    "model_function": "lambda x, b1, b2, b3, b4, b5, b6: b1*np.exp(-b2*x) + b3*np.exp(-b4*x) + b5*np.exp(-b6*x)"
  },
  "Lanczos3": {
    "difficulty": "Lower",
    "observations_no": 24,
    "parameters_no": 6,
    "start_1": [
      1.2,
      0.3,
      5.6,
      5.5,
      6.5,
      7.6
    ],